{"PROCEDURES_DEFRETURN_TITLE": "PROCEDURES_DEFNORETURN_TITLE", "LISTS_GET_SUBLIST_INPUT_IN_LIST": "LISTS_INLIST", "LISTS_SET_INDEX_INPUT_IN_LIST": "LISTS_INLIST", "MAPS_CREATE_WITH_ITEM_TITLE": "VARIABLES_DEFAULT_NAME", "PROCEDURES_DEFRETURN_PROCEDURE": "PROCEDURES_DEFNORETURN_PROCEDURE", "LISTS_CREATE_WITH_ITEM_TITLE": "VARIABLES_DEFAULT_NAME", "CONTROLS_IF_ELSE_TITLE_ELSE": "CONTROLS_IF_MSG_ELSE", "PROCEDURES_DEFRETURN_DO": "PROCEDURES_DEFNORETURN_DO", "LISTS_GET_INDEX_HELPURL": "LISTS_INDEX_OF_HELPURL", "MAPS_GET_INDEX_HELPURL": "MAPS_INDEX_OF_HELPURL", "MAPS_SET_INDEX_INPUT_IN_MAP": "MAPS_INMAP", "TEXT_CREATE_JOIN_ITEM_TITLE_ITEM": "VARIABLES_DEFAULT_NAME", "CONTROLS_IF_MSG_THEN": "CONTROLS_REPEAT_INPUT_DO", "LISTS_INDEX_OF_INPUT_IN_LIST": "LISTS_INLIST", "PROCEDURES_CALLRETURN_CALL": "PROCEDURES_CALLNORETURN_CALL", "LISTS_GET_INDEX_INPUT_IN_LIST": "LISTS_INLIST", "CONTROLS_IF_ELSEIF_TITLE_ELSEIF": "CONTROLS_IF_MSG_ELSEIF", "MAPS_GET_INDEX_INPUT_IN_MAP": "MAPS_INMAP", "CONTROLS_FOREACH_INPUT_DO": "CONTROLS_REPEAT_INPUT_DO", "CONTROLS_IF_IF_TITLE_IF": "CONTROLS_IF_MSG_IF", "CONTROLS_WHILEUNTIL_INPUT_DO": "CONTROLS_REPEAT_INPUT_DO", "MAPS_INDEX_OF_INPUT_IN_MAP": "MAPS_INMAP", "CONTROLS_FOR_INPUT_DO": "CONTROLS_REPEAT_INPUT_DO", "TEXT_APPEND_VARIABLE": "VARIABLES_DEFAULT_NAME", "MATH_CHANGE_TITLE_ITEM": "VARIABLES_DEFAULT_NAME"}